<?xml version="1.0" encoding="UTF-8"?>
<project-private xmlns="http://www.netbeans.org/ns/project-private/1">
    <editor-bookmarks xmlns="http://www.netbeans.org/ns/editor-bookmarks/2" lastBookmarkId="0"/>
    <open-files xmlns="http://www.netbeans.org/ns/projectui-open-files/2">
        <group>
            <file>file:/C:/Kuliah/Semeter%205/Distrbuted%20Programming/Project%20UAS/ProjectDisprog/ProjectUASDisprog/src/DetailPost/DetailPost.java</file>
            <file>file:/C:/Kuliah/Semeter%205/Distrbuted%20Programming/Project%20UAS/ProjectDisprog/ProjectUASDisprog/src/DashboardProfil/FormDashboardProfil.java</file>
            <file>file:/C:/Kuliah/Semeter%205/Distrbuted%20Programming/Project%20UAS/ProjectDisprog/ProjectUASDisprog/src/MainForm/FormRegister.java</file>
            <file>file:/C:/Kuliah/Semeter%205/Distrbuted%20Programming/Project%20UAS/ProjectDisprog/ProjectUASDisprog/src/Chat/Chat.java</file>
            <file>file:/C:/Kuliah/Semeter%205/Distrbuted%20Programming/Project%20UAS/ProjectDisprog/ProjectUASDisprog/src/Timeline/FormTimeline.java</file>
        </group>
    </open-files>
</project-private>
