<?xml version="1.0" encoding="UTF-8"?>
<project-private xmlns="http://www.netbeans.org/ns/project-private/1">
    <editor-bookmarks xmlns="http://www.netbeans.org/ns/editor-bookmarks/2" lastBookmarkId="0"/>
    <open-files xmlns="http://www.netbeans.org/ns/projectui-open-files/2">
        <group>
            <file>file:/C:/Kuliah/Semeter%205/Distrbuted%20Programming/Project%20UAS/ProjectDisprog/WebServiceProjectUASDisprog/src/java/newpackage/model/chat.java</file>
            <file>file:/C:/Kuliah/Semeter%205/Distrbuted%20Programming/Project%20UAS/ProjectDisprog/WebServiceProjectUASDisprog/src/java/newpackage/model/WebServiceServer.java</file>
            <file>file:/C:/Kuliah/Semeter%205/Distrbuted%20Programming/Project%20UAS/ProjectDisprog/WebServiceProjectUASDisprog/src/java/newpackage/model/like.java</file>
            <file>file:/C:/Kuliah/Semeter%205/Distrbuted%20Programming/Project%20UAS/ProjectDisprog/WebServiceProjectUASDisprog/src/java/newpackage/model/reply.java</file>
            <file>file:/C:/Kuliah/Semeter%205/Distrbuted%20Programming/Project%20UAS/ProjectDisprog/WebServiceProjectUASDisprog/src/java/newpackage/model/user.java</file>
            <file>file:/C:/Kuliah/Semeter%205/Distrbuted%20Programming/Project%20UAS/ProjectDisprog/WebServiceProjectUASDisprog/src/java/newpackage/model/post.java</file>
        </group>
    </open-files>
</project-private>
